{"username":"Ssapi97","access_token":"","init_data":"query_id=AAEsLE0eAwAAACwsTR49XPsH&user=%7B%22id%22%3A6950825004%2C%22first_name%22%3A%22Sapi%22%2C%22last_name%22%3A%22Sapi%F0%9F%A6%B4%F0%9F%8D%85%22%2C%22username%22%3A%22Ssapi97%22%2C%22language_code%22%3A%22en%22%2C%22allows_write_to_pm%22%3Atrue%7D&auth_date=1725647669&hash=1dec877fb7d4e10289d1d2501c3072cdfa3032a8dc4b59c7878347718431e626","use_proxy":false,"proxy_hostname":"","proxy_protocol":"socks5","proxy_port":0,"proxy_username":"","proxy_password":""}