{"username":"bayudabana","access_token":"","init_data":"query_id=AAEMyk4RAwAAAAzKThFmq2He&user=%7B%22id%22%3A6732827148%2C%22first_name%22%3A%22Bayu%22%2C%22last_name%22%3A%22Yuda%22%2C%22username%22%3A%22bayudabana%22%2C%22language_code%22%3A%22en%22%2C%22allows_write_to_pm%22%3Atrue%7D&auth_date=1725646590&hash=e10511ec1be82d0bcedc27deff42a1126712ec906fde1133200f5994cb09aad2","use_proxy":false,"proxy_hostname":"","proxy_protocol":"socks5","proxy_port":0,"proxy_username":"","proxy_password":""}