{"username":"fafayagalo675","access_token":"","init_data":"query_id=AAGzUv8cAwAAALNS_xyufrX3&user=%7B%22id%22%3A6928945843%2C%22first_name%22%3A%22Fafafa%20%F0%9F%A6%B4%22%2C%22last_name%22%3A%22%22%2C%22username%22%3A%22fafayagalo675%22%2C%22language_code%22%3A%22en%22%2C%22allows_write_to_pm%22%3Atrue%7D&auth_date=1725645396&hash=5404fc913aaf2926aa6344b587be03767fa57d3d6cdaaa4af350ba2ec61f7ca7","use_proxy":false,"proxy_hostname":"","proxy_protocol":"socks5","proxy_port":0,"proxy_username":"","proxy_password":""}