{"username":"gunawanida","access_token":"","init_data":"query_id=AAFlbJoCAwAAAGVsmgIRan-k&user=%7B%22id%22%3A6486125669%2C%22first_name%22%3A%22Gunawan%20%F0%9F%A6%B4%22%2C%22last_name%22%3A%22%22%2C%22username%22%3A%22gunawanida%22%2C%22language_code%22%3A%22en%22%2C%22allows_write_to_pm%22%3Atrue%7D&auth_date=1725645424&hash=18f42ab90196c62c62e45dabd8670e098cb5d79402ab2b74f6d4119551bd9982","use_proxy":false,"proxy_hostname":"","proxy_protocol":"socks5","proxy_port":0,"proxy_username":"","proxy_password":""}