{"username":"gunawandwiwa","access_token":"","init_data":"query_id=AAFCMDAqAwAAAEIwMCq5MOqi&user=%7B%22id%22%3A7150252098%2C%22first_name%22%3A%22Gunawan%20%F0%9F%A6%B4%22%2C%22last_name%22%3A%22%22%2C%22username%22%3A%22gunawandwiwa%22%2C%22language_code%22%3A%22en%22%2C%22allows_write_to_pm%22%3Atrue%7D&auth_date=1725646324&hash=bad843b91307e8a21a480e3cadee87924b9545edb049f003b6368c35ef38cb9f","use_proxy":false,"proxy_hostname":"","proxy_protocol":"socks5","proxy_port":0,"proxy_username":"","proxy_password":""}