{"username":"kepiklai","access_token":"","init_data":"query_id=AAFgAlJ2AgAAAGACUnYs1UBL&user=%7B%22id%22%3A6280053344%2C%22first_name%22%3A%22L%20E%20P%20I%22%2C%22last_name%22%3A%22%22%2C%22username%22%3A%22kepiklai%22%2C%22language_code%22%3A%22en%22%2C%22allows_write_to_pm%22%3Atrue%7D&auth_date=1725646288&hash=caeff21297410b6cc3be2e8692e7213982d9f7a8139c48eef99acb14c71bac70","use_proxy":false,"proxy_hostname":"","proxy_protocol":"socks5","proxy_port":0,"proxy_username":"","proxy_password":""}