{"username":"kmanusiaafd","access_token":"","init_data":"query_id=AAF81WAhAwAAAHzVYCELP87t&user=%7B%22id%22%3A7002445180%2C%22first_name%22%3A%22-----------------------%22%2C%22last_name%22%3A%22%22%2C%22username%22%3A%22kmanusiaafd%22%2C%22language_code%22%3A%22en%22%2C%22allows_write_to_pm%22%3Atrue%7D&auth_date=1725646737&hash=bb4339fb046ec2f388e50e3a729f754a81aa8ae802323d27e023ad903884f197","use_proxy":false,"proxy_hostname":"","proxy_protocol":"socks5","proxy_port":0,"proxy_username":"","proxy_password":""}