{"username":"lanenaej","access_token":"","init_data":"query_id=AAGCmckHAwAAAIKZyQeAjRFz&user=%7B%22id%22%3A6573103490%2C%22first_name%22%3A%22Lanenaneu%20%F0%9F%A6%B4%22%2C%22last_name%22%3A%22%22%2C%22username%22%3A%22lanenaej%22%2C%22language_code%22%3A%22en%22%2C%22allows_write_to_pm%22%3Atrue%7D&auth_date=1725645429&hash=cb65f5426c11ab1bf5ef628f7956ea574b7b9884643c7f600da412ae300ef216","use_proxy":false,"proxy_hostname":"","proxy_protocol":"socks5","proxy_port":0,"proxy_username":"","proxy_password":""}