{"username":"putranewwe","access_token":"","init_data":"query_id=AAHSS-INAwAAANJL4g0IYaDw&user=%7B%22id%22%3A6675385298%2C%22first_name%22%3A%22Putra%22%2C%22last_name%22%3A%22New%22%2C%22username%22%3A%22putranewwe%22%2C%22language_code%22%3A%22en%22%2C%22allows_write_to_pm%22%3Atrue%7D&auth_date=1725646153&hash=d8b464b687a813cb3e8a5ca0d999c13062592ad29082a227e9b8b855ff1f3891","use_proxy":false,"proxy_hostname":"","proxy_protocol":"socks5","proxy_port":0,"proxy_username":"","proxy_password":""}