{"username":"raraneowq","access_token":"","init_data":"query_id=AAEO_OApAwAAAA784CnDYhWO&user=%7B%22id%22%3A7145061390%2C%22first_name%22%3A%22Rara%20%F0%9F%A6%B4%F0%9F%A6%B4%F0%9F%A6%B4%F0%9F%A6%B4%22%2C%22last_name%22%3A%22%22%2C%22username%22%3A%22raraneowq%22%2C%22language_code%22%3A%22en%22%2C%22allows_write_to_pm%22%3Atrue%7D&auth_date=1725645409&hash=8b5612bf3379eb8f22222b303d65a658f3415f4ebd1ae58ba0b88b61f728875b","use_proxy":false,"proxy_hostname":"","proxy_protocol":"socks5","proxy_port":0,"proxy_username":"","proxy_password":""}