{"username":"tunaninuna","access_token":"","init_data":"query_id=AAGNSFgHAwAAAI1IWAd08Gc7&user=%7B%22id%22%3A6565677197%2C%22first_name%22%3A%22Tukang%20%F0%9F%8D%85%22%2C%22last_name%22%3A%22%22%2C%22username%22%3A%22tunaninuna%22%2C%22language_code%22%3A%22en%22%2C%22allows_write_to_pm%22%3Atrue%7D&auth_date=1725646116&hash=090147ccb7a0c3cb9c38598409fa3cc991b6fed5db9eeb3e313d6ee60694dd2b","use_proxy":false,"proxy_hostname":"","proxy_protocol":"socks5","proxy_port":0,"proxy_username":"","proxy_password":""}