{"username":"usmanabi","access_token":"","init_data":"query_id=AAFrzD8oAwAAAGvMPyh11B3I&user=%7B%22id%22%3A7117720683%2C%22first_name%22%3A%22Kabur%20Y%20%F0%9F%A6%B4%22%2C%22last_name%22%3A%22%22%2C%22username%22%3A%22usmanabi%22%2C%22language_code%22%3A%22en%22%2C%22allows_write_to_pm%22%3Atrue%7D&auth_date=1725646389&hash=8760a7a086e4001291d8e960670fc7567087dd41d6657b8703fd5e6c5d00110b","use_proxy":false,"proxy_hostname":"","proxy_protocol":"socks5","proxy_port":0,"proxy_username":"","proxy_password":""}