{"username":"wijayaayukis","access_token":"","init_data":"query_id=AAGaqqt4AgAAAJqqq3itG8oo&user=%7B%22id%22%3A6319483546%2C%22first_name%22%3A%22Wijayuuu%20%F0%9F%A6%B4%F0%9F%A6%B4%22%2C%22last_name%22%3A%22%22%2C%22username%22%3A%22wijayaayukis%22%2C%22language_code%22%3A%22en%22%2C%22allows_write_to_pm%22%3Atrue%7D&auth_date=1725645417&hash=ab91dedcebbf90988a4f735dfe5324f63065fbffa5f565d5fc8e45cbc40c263a","use_proxy":false,"proxy_hostname":"","proxy_protocol":"socks5","proxy_port":0,"proxy_username":"","proxy_password":""}