{"username":"Wotejo","access_token":"","init_data":"query_id=AAFEApRVAAAAAEQClFUGREcP&user=%7B%22id%22%3A1435763268%2C%22first_name%22%3A%22Suji%22%2C%22last_name%22%3A%22Wo%F0%9F%8D%85%22%2C%22username%22%3A%22Wotejo%22%2C%22language_code%22%3A%22en%22%2C%22allows_write_to_pm%22%3Atrue%7D&auth_date=1725645840&hash=8bb08d324c129e111779c2d936e68744488efc96b97937240849520b25a60c43","use_proxy":false,"proxy_hostname":"","proxy_protocol":"socks5","proxy_port":0,"proxy_username":"","proxy_password":""}