{"username":"yayatourea","access_token":"","init_data":"query_id=AAF4uRwmAwAAAHi5HCYQwif_&user=%7B%22id%22%3A7081867640%2C%22first_name%22%3A%22Yaya%22%2C%22last_name%22%3A%22Toure%20%F0%9F%A6%B4%22%2C%22username%22%3A%22yayatourea%22%2C%22language_code%22%3A%22en%22%2C%22allows_write_to_pm%22%3Atrue%7D&auth_date=1725646729&hash=4f3723a01ffe80fb8c1fda225fb98a80b35a7cb406add2a7d437e61c5e919313","use_proxy":false,"proxy_hostname":"","proxy_protocol":"socks5","proxy_port":0,"proxy_username":"","proxy_password":""}