{"username":"zanadi23213","access_token":"","init_data":"query_id=AAFScFIsAwAAAFJwUiy4cLmS&user=%7B%22id%22%3A7186051154%2C%22first_name%22%3A%22Zanadin%22%2C%22last_name%22%3A%22%22%2C%22username%22%3A%22zanadi23213%22%2C%22language_code%22%3A%22en%22%2C%22allows_write_to_pm%22%3Atrue%7D&auth_date=1725645313&hash=ef355dc9adb62a0582a55dc2c2ba7613ce0859ce23528d8b5919b49fe6e929d8","use_proxy":false,"proxy_hostname":"","proxy_protocol":"socks5","proxy_port":0,"proxy_username":"","proxy_password":""}